Neighborhood,num_cha_properties,Avg_cha_monthly_rent,stop_wi_quart_mi,stop_wi_half_mi,percent_wi_quart_mi_l_stop,percent_wi_half_mi_l_stop,num_props_w_potential_bad_landlord,poverty_rate,eviction-filings,evictions,eviction_filing_rate,eviction_rate,evictions_chi_percentile_rank,renter-occupied-households,perc_rentals_hcv,population,perc_hcv_in_neigh,at_least_10_homes,perc_black,perc_latino,perc_white
South Shore,660.0,1073.830303030303,0.0,0.0,0.0,0.0,0.0,0.31187379569525114,1439.0,612.0,0.09493963185326912,0.040377383387213826,0.9711538461538461,15157.0,0.043544236986210995,40978.0,0.12533232054690469,1,0.9279614890917075,0.02040726731416858,0.022797945238908685
Englewood,409.0,1088.122249388753,21.0,128.0,0.05134474327628362,0.31295843520782396,0.0,0.42024069617928,739.0,248.0,0.06635539193678729,0.022268115291371106,0.8701923076923077,11137.0,0.03672443207326928,43552.0,0.07766805924800607,1,0.9442266991182954,0.026292376928728878,0.012380715007347538
Archer Heights,376.0,1261.1755319148936,87.0,227.0,0.23138297872340424,0.6037234042553191,0.0,0.3718110515001046,605.0,208.0,0.051423714407139824,0.017679558011049725,0.7788461538461539,11765.0,0.0319592010199745,52563.0,0.07140144322066085,1,0.6934367235507868,0.22270516523029504,0.06303023800011415
Gresham,354.0,1091.9378531073446,0.0,0.0,0.0,0.0,0.0,0.266075975149582,715.0,279.0,0.06739560750306343,0.026298425864831748,0.9182692307692307,10609.0,0.033367895183334904,47967.0,0.06722369920243068,1,0.9661010069422729,0.014446761315070777,0.005212571142660579
South Austin,283.0,1215.9787985865723,45.0,174.0,0.15901060070671377,0.6148409893992933,0.0,0.2777209866662127,968.0,362.0,0.0684437530934031,0.02559570105352471,0.9086538461538461,14143.0,0.020009898889910203,58723.0,0.05374097987086973,1,0.9120438788890212,0.06068815455613642,0.02096121451560717
South Chicago,243.0,1078.633744855967,0.0,0.0,0.0,0.0,0.0,0.27671209823812065,463.0,198.0,0.06677242572829535,0.028554946639746177,0.9326923076923077,6934.0,0.03504470723968849,28095.0,0.04614508165590581,1,0.7409887809218721,0.21651145043602066,0.027835308773803167
Park Manor,218.0,1092.6743119266055,17.0,94.0,0.0779816513761468,0.43119266055045874,0.0,0.3585710485413678,328.0,122.0,0.06783867631851086,0.025232678386763185,0.8990384615384616,4835.0,0.04508790072388832,16728.0,0.04139764527155336,1,0.9784850789096127,0.010290584648493544,0.007598613103778097
West Woodlawn,204.0,1139.4460784313726,75.0,202.0,0.36764705882352944,0.9901960784313726,0.0,0.46879988685222895,205.0,76.0,0.0684931506849315,0.02539258269295022,0.9038461538461539,2993.0,0.0681590377547611,8838.0,0.03873908089631599,1,0.9201137927132836,0.026251900882552612,0.028630063362751756
Grand Crossing,173.0,1111.9537572254335,0.0,0.0,0.0,0.0,0.0,0.40887852474323055,258.0,111.0,0.06209386281588448,0.026714801444043323,0.9278846153846154,4155.0,0.04163658243080626,14994.0,0.03285225977971895,1,0.9691892156862746,0.010072855808990262,0.008865606242496998
East Garfield Park,167.0,1236.1556886227545,63.0,110.0,0.3772455089820359,0.6586826347305389,0.0,0.3864655288143078,307.0,125.0,0.04765600745110214,0.01940391182862465,0.8221153846153846,6442.0,0.025923626203042532,22645.0,0.031712875047474366,1,0.8890329388385957,0.0612438419077059,0.043009344226098485
Chatham,158.0,1087.9620253164558,15.0,31.0,0.0949367088607595,0.1962025316455696,0.0,0.18447750633178558,284.0,110.0,0.055242170783894186,0.02139661544446606,0.8605769230769231,5141.0,0.03073332036568761,18952.0,0.030003797949107482,1,0.9674798332629803,0.00918493562684677,0.014517021950189953
West Garfield Park,139.0,1176.1726618705036,15.0,111.0,0.1079136690647482,0.7985611510791367,0.0,0.36925750475372626,240.0,94.0,0.06629834254143646,0.025966850828729283,0.9134615384615384,3620.0,0.03839779005524862,16303.0,0.02639574629699962,1,0.940126725142612,0.04103085935103968,0.01301526712874931
Washington Park,136.0,1254.3014705882354,48.0,117.0,0.35294117647058826,0.8602941176470589,0.0,0.4386181804820694,365.0,148.0,0.07997370727432077,0.03242769500438212,0.9471153846153846,4564.0,0.029798422436459245,13608.0,0.025826053930877325,1,0.920788411228689,0.017788594944150502,0.030196230158730155
Marquette Park,127.0,1053.1732283464567,0.0,0.0,0.0,0.0,0.0,0.280594706911636,359.0,140.0,0.06779981114258735,0.02644003777148253,0.9230769230769231,5295.0,0.023984891406987723,32004.0,0.024116976832510444,1,0.5426135795525558,0.39479964066991624,0.0383420509936258
East Chatham,112.0,1027.517857142857,0.0,0.0,0.0,0.0,0.0,0.296068946301925,259.0,122.0,0.1074688796680498,0.05062240663900415,0.9951923076923077,2410.0,0.046473029045643155,5922.0,0.021268515001898976,1,0.9422328436339075,0.023313036136440392,0.01199581222559946
Roseland,106.0,1150.2830188679245,0.0,6.0,0.0,0.05660377358490566,0.0,0.2624269765720027,210.0,76.0,0.05636070853462158,0.020397208803005905,0.8413461538461539,3726.0,0.02844873859366613,18909.0,0.020129130269654388,1,0.9601277328256386,0.010307435612671214,0.015966957533449684
Woodlawn,90.0,1261.5444444444445,10.0,28.0,0.1111111111111111,0.3111111111111111,0.0,0.2508785212017899,187.0,69.0,0.042558033682294036,0.01570323167956304,0.75,4394.0,0.020482476103777878,14079.0,0.017090770983668818,1,0.7585708999218694,0.02598957312309113,0.13843115988351445
West Pullman,88.0,1189.3068181818182,0.0,0.0,0.0,0.0,0.0,0.30489828072153324,233.0,91.0,0.0621167688616369,0.02426019728072514,0.8942307692307693,3751.0,0.02346041055718475,28384.0,0.016710976072920623,1,0.9327353685174747,0.04893748943066516,0.010114307356257048
Humboldt Park,88.0,1161.8181818181818,0.0,0.0,0.0,0.0,0.0,0.24706723181100754,229.0,73.0,0.021332091290172335,0.00680018630647415,0.46153846153846156,10735.0,0.008197484862598975,39282.0,0.016710976072920623,1,0.23326772058449166,0.4763142991701034,0.2462974848531134
West Englewood,77.0,1133.4285714285713,5.0,30.0,0.06493506493506493,0.38961038961038963,0.0,0.3232389006148481,248.0,71.0,0.06444906444906445,0.018451143451143452,0.8125,3848.0,0.02001039501039501,21794.0,0.014622104063805545,1,0.8943870514820593,0.08419441589428282,0.00458756079654951
Back of the Yards,66.0,1049.621212121212,0.0,1.0,0.0,0.015151515151515152,0.0,0.33075857295610195,280.0,90.0,0.03431793111900968,0.011030763573967399,0.6346153846153846,8159.0,0.008089226620909426,34603.0,0.012533232054690467,1,0.27704995520619596,0.6644549778920902,0.04271941739155564
Bronzeville,62.0,1370.9193548387098,30.0,52.0,0.4838709677419355,0.8387096774193549,0.0,0.25381537593984965,469.0,168.0,0.04691407422226668,0.016805041512453735,0.7644230769230769,9997.0,0.006201860558167451,29260.0,0.011773642233194076,1,0.8226277067669172,0.031203140806561863,0.08091933356117569
Chicago Lawn,57.0,1031.298245614035,0.0,0.0,0.0,0.0,0.0,0.28732560610915303,179.0,69.0,0.05821138211382114,0.0224390243902439,0.875,3075.0,0.018536585365853658,18726.0,0.010824154956323585,1,0.28325357791306205,0.6734501228238813,0.031069753284203777
West Humboldt Park,51.0,1188.5882352941176,0.0,0.0,0.0,0.0,0.0,0.34789536180541886,136.0,37.0,0.04402719326642927,0.011977986403366786,0.6778846153846154,3089.0,0.016510197474910976,15243.0,0.009684770224078997,1,0.43947351571213017,0.519123040083973,0.02281486584005773
North Austin,50.0,1192.02,0.0,0.0,0.0,0.0,0.0,0.2610987879305193,215.0,77.0,0.047087166009636444,0.01686377573368375,0.7692307692307693,4566.0,0.010950503723171266,23431.0,0.0094948727687049,1,0.7834528829328669,0.1944883743758269,0.007260769920191199
Burnside,49.0,1110.0816326530612,0.0,0.0,0.0,0.0,0.0,0.26369726489321843,107.0,28.0,0.05863013698630137,0.015342465753424657,0.7403846153846154,1825.0,0.02684931506849315,8007.0,0.0093049753133308,1,0.9845150243536905,0.0026224928187835645,0.0018757337329836396
Brainerd,46.0,1083.5869565217392,0.0,0.0,0.0,0.0,0.0,0.16411100910952614,138.0,49.0,0.06587112171837708,0.023389021479713605,0.8846153846153846,2095.0,0.021957040572792363,14161.0,0.008735282947208508,1,0.9517673469387756,0.013776195183955937,0.013841635477720498
Morgan Park,38.0,1351.0526315789473,0.0,0.0,0.0,0.0,0.0,0.1909241796730982,88.0,14.0,0.0425531914893617,0.006769825918762089,0.4519230769230769,2068.0,0.0183752417794971,16274.0,0.0072161033042157235,1,0.8193350559174143,0.022421770922944576,0.12505302937200444
Homan Square,31.0,1249.7096774193549,5.0,19.0,0.16129032258064516,0.6129032258064516,0.0,0.39143660690393367,67.0,16.0,0.06411483253588517,0.015311004784688996,0.7355769230769231,1045.0,0.02966507177033493,3737.0,0.005886821116597038,1,0.9320434037998394,0.0264998662028365,0.029965266256355365
Fernwood,28.0,1316.25,0.0,0.0,0.0,0.0,0.0,0.2863156718583728,82.0,24.0,0.06693877551020408,0.019591836734693877,0.8365384615384616,1225.0,0.022857142857142857,10337.0,0.005317128750474744,1,0.9796887781754862,0.006769672051852568,0.010063258198703686
Rosemoor,26.0,924.7307692307693,0.0,2.0,0.0,0.07692307692307693,0.0,0.11068991489361703,62.0,20.0,0.04847537138389367,0.01563721657544957,0.7451923076923077,1279.0,0.020328381548084442,9400.0,0.004937333839726547,1,0.9511648510638298,0.00883436170212766,0.015197851063829789
Marynook,26.0,1143.5,0.0,0.0,0.0,0.0,0.0,0.2498454746136865,68.0,27.0,0.08865710560625815,0.035202086049543675,0.9519230769230769,767.0,0.03389830508474576,4077.0,0.004937333839726547,1,0.9622203090507727,0.00834643119941133,0.0049055187637969105
West Rogers Park,25.0,1524.72,0.0,0.0,0.0,0.0,0.0,0.19608400615375515,372.0,119.0,0.030484307137589116,0.009751700401540605,0.6105769230769231,12203.0,0.002048676554945505,67601.0,0.00474743638435245,1,0.12728951494800372,0.17310717740861825,0.4363120249700448
Rogers Park,23.0,1365.6521739130435,5.0,20.0,0.21739130434782608,0.8695652173913043,0.0,0.18840409183343781,522.0,185.0,0.02920443101711984,0.010350229383462011,0.625,17874.0,0.0012867852747006825,52617.0,0.004367641473604254,1,0.24086382347910373,0.23680588402987626,0.4252277134766331
Hegewisch,21.0,1354.7619047619048,0.0,0.0,0.0,0.0,0.0,0.12192525066174702,47.0,12.0,0.039662447257383965,0.010126582278481013,0.6201923076923077,1185.0,0.017721518987341773,12467.0,0.0039878465628560575,1,0.5081543194032245,0.23548657255153602,0.24288519290928046
Logan Square,20.0,1333.2,2.0,4.0,0.1,0.2,0.0,0.2038495810635855,305.0,94.0,0.013832199546485261,0.004263038548752834,0.2932692307692308,22050.0,0.0009070294784580499,81874.0,0.0037979491074819596,1,0.0538041832572001,0.5914444842074404,0.31752036055402205
West Chatham,20.0,1029.45,3.0,16.0,0.15,0.8,0.0,0.114052036331673,35.0,4.0,0.061511423550087874,0.007029876977152899,0.4807692307692308,569.0,0.0351493848857645,3413.0,0.0037979491074819596,1,0.9894552593026663,0.0,0.0
Lithuanian Plaza,19.0,1009.7894736842105,0.0,0.0,0.0,0.0,0.0,0.19210000000000002,15.0,6.0,0.045454545454545456,0.01818181818181818,0.7956730769230769,330.0,0.05757575757575758,943.0,0.0036080516521078618,1,0.9512,0.0244,0.0074
East Side,19.0,1148.3684210526317,0.0,0.0,0.0,0.0,0.0,0.20172460075694632,49.0,10.0,0.02258064516129032,0.004608294930875576,0.33653846153846156,2170.0,0.008755760368663594,21666.0,0.0036080516521078618,1,0.026582299455367858,0.790320986799594,0.17954718452875476
North Kenwood,18.0,1363.388888888889,0.0,0.0,0.0,0.0,0.0,0.2738285051546392,99.0,29.0,0.04551724137931035,0.013333333333333334,0.6971153846153846,2175.0,0.008275862068965517,5820.0,0.003418154196733764,1,0.8709804810996563,0.020111615120274914,0.0696110824742268
Longwood Manor,17.0,1230.2941176470588,1.0,8.0,0.058823529411764705,0.47058823529411764,0.0,0.16037273065822547,129.0,47.0,0.09862385321100918,0.035932721712538224,0.9567307692307693,1308.0,0.012996941896024464,10741.0,0.0032282567413596656,1,0.95847963876734,0.009773196164230518,0.014155153151475652
Little Village,17.0,1164.7058823529412,7.0,12.0,0.4117647058823529,0.7058823529411765,0.0,0.34812453211668154,333.0,98.0,0.024741808455308715,0.007281373058919682,0.5096153846153846,13459.0,0.0012630953265472917,75179.0,0.0032282567413596656,1,0.11396959656286991,0.8467063382061479,0.032157135636281406
Cragin,15.0,1320.0,0.0,0.0,0.0,0.0,0.0,0.19697055906813232,191.0,53.0,0.02874341610233258,0.007975921745673438,0.5528846153846154,6645.0,0.002257336343115124,38117.0,0.00284846183061147,1,0.01826196447779206,0.7681471154602931,0.18390673452790093
Fifth City,15.0,1155.4666666666667,0.0,14.0,0.0,0.9333333333333333,0.0,0.46352385979729727,59.0,22.0,0.0793010752688172,0.02956989247311828,0.9423076923076923,744.0,0.020161290322580645,2368.0,0.00284846183061147,1,0.9649311233108109,0.0016985641891891896,0.021112837837837836
The Robert Taylor Homes,14.0,1169.7857142857142,8.0,12.0,0.5714285714285714,0.8571428571428571,0.0,0.4113585803757829,96.0,34.0,0.05237315875613748,0.018548827059465357,0.8173076923076923,1833.0,0.007637752318603383,4790.0,0.002658564375237372,1,0.8812103966597079,0.043229874739039664,0.009403152400835073
Hyde Park,13.0,1745.0,0.0,0.0,0.0,0.0,0.0,0.07139944769874478,117.0,47.0,0.022349570200573064,0.008978032473734479,0.5817307692307693,5235.0,0.0024832855778414518,17925.0,0.0024686669198632737,1,0.24335144769874473,0.061245020920502095,0.5054870460251045
Calumet Heights,12.0,1018.75,0.0,0.0,0.0,0.0,0.0,0.08791043956043956,46.0,13.0,0.04427333974975938,0.012512030798845043,0.6875,1039.0,0.011549566891241578,9828.0,0.002278769464489176,1,0.9422124135124137,0.028079792429792427,0.020650936100936105
Gage Park,12.0,964.5,1.0,1.0,0.08333333333333333,0.08333333333333333,0.0,0.21694532198666266,117.0,34.0,0.024657534246575342,0.007165437302423604,0.49038461538461536,4745.0,0.0025289778714436247,40188.0,0.002278769464489176,1,0.024356673633920575,0.9298939633721509,0.0362996342191699
South Deering,12.0,1260.4166666666667,0.0,0.0,0.0,0.0,0.0,0.18162803238619005,25.0,10.0,0.030012004801920768,0.012004801920768308,0.6826923076923077,833.0,0.014405762304921969,6546.0,0.002278769464489176,1,0.3258379315612588,0.601448732050107,0.07254130766880539
Near West Side,11.0,1395.4545454545455,2.0,11.0,0.18181818181818182,1.0,0.0,0.16582554583779022,177.0,64.0,0.041568811648661344,0.015030530765617662,0.7259615384615384,4258.0,0.0025833724753405356,15893.0,0.002088872009115078,1,0.3836651355942868,0.06460895991946139,0.44772618133769576
Belmont Central,11.0,1536.3636363636363,0.0,0.0,0.0,0.0,0.0,0.15710362442065953,83.0,24.0,0.021146496815286624,0.006114649681528662,0.4182692307692308,3925.0,0.002802547770700637,29991.0,0.002088872009115078,1,0.034706381914574376,0.7487264846120503,0.1923181454436331
Kenwood,10.0,1712.8,0.0,0.0,0.0,0.0,0.0,0.0724906681597611,144.0,69.0,0.037588097102584185,0.018010963194988253,0.7836538461538461,3831.0,0.0026102845210127902,10716.0,0.0018989745537409798,1,0.5586805524449421,0.04459089212392684,0.22881678798058974
Oakland,10.0,1279.3,0.0,0.0,0.0,0.0,0.0,0.266220110701107,90.0,37.0,0.050476724621424565,0.02075154234436343,0.8461538461538461,1783.0,0.005608524957936063,4878.0,0.0018989745537409798,1,0.9102128331283312,0.042843091430914304,0.028498462484624842
Belmont Gardens,9.0,1344.4444444444443,0.0,0.0,0.0,0.0,0.0,0.18513715165511932,69.0,26.0,0.029336734693877552,0.011054421768707483,0.6394230769230769,2352.0,0.003826530612244898,12990.0,0.001709077098366882,0,0.017470315627405697,0.7968272671285604,0.14242903772132412
Brighton Park,9.0,1042.2222222222222,0.0,1.0,0.0,0.1111111111111111,0.0,0.2556663424081206,186.0,46.0,0.02339916970688137,0.005786891432884639,0.3942307692307692,7949.0,0.0011322178890426468,44923.0,0.001709077098366882,0,0.017779580615720228,0.8467946041003496,0.06500584778398594
Hermosa,9.0,1241.6666666666667,0.0,0.0,0.0,0.0,0.0,0.230532731094316,113.0,39.0,0.027859960552268245,0.009615384615384616,0.6009615384615384,4056.0,0.0022189349112426036,22361.0,0.001709077098366882,0,0.029602253924243104,0.9164220517865928,0.03738289432494074
Stony Island Park,9.0,1111.111111111111,0.0,0.0,0.0,0.0,0.0,0.1207753144654088,34.0,9.0,0.09042553191489362,0.023936170212765957,0.8894230769230769,376.0,0.023936170212765957,3180.0,0.001709077098366882,0,0.9918401572327044,0.0,0.0
Wrightwood,9.0,1258.3333333333333,0.0,0.0,0.0,0.0,0.0,0.037073398698799595,41.0,10.0,0.07961165048543689,0.019417475728155338,0.8269230769230769,515.0,0.017475728155339806,10913.0,0.001709077098366882,0,0.8768398240630441,0.04005901218729955,0.044173068817007236
Portage Park,8.0,1215.0,0.0,0.0,0.0,0.0,0.0,0.09403823664774594,152.0,48.0,0.021402421852999155,0.006758659532526049,0.44711538461538464,7102.0,0.001126443255421008,45629.0,0.0015191796429927839,0,0.00846360209515878,0.44307356505731,0.49120353503254505
Albany Park,8.0,1600.625,4.0,7.0,0.5,0.875,0.0,0.19345599046674675,199.0,65.0,0.016434057312742587,0.005367908167478735,0.3605769230769231,12109.0,0.0006606656206127674,57483.0,0.0015191796429927839,0,0.039648842266409204,0.5550982986274202,0.26257852408538174
Avalon Park,7.0,1003.5714285714286,0.0,0.0,0.0,0.0,0.0,0.13179186295503212,19.0,7.0,0.05277777777777778,0.019444444444444445,0.8317307692307693,360.0,0.019444444444444445,2335.0,0.001329282187618686,0,0.956350749464668,0.014122483940042826,0.02140471092077088
Washington Heights,7.0,1471.4285714285713,0.0,0.0,0.0,0.0,0.0,0.12057230450236966,20.0,5.0,0.03110419906687403,0.007776049766718507,0.5384615384615384,643.0,0.01088646967340591,6752.0,0.001329282187618686,0,0.9447622482227488,0.006816765402843601,0.034351288507109
Galewood,7.0,1342.857142857143,0.0,0.0,0.0,0.0,0.0,0.20551474546908313,51.0,10.0,0.03171641791044776,0.006218905472636816,0.42788461538461536,1608.0,0.004353233830845771,15008.0,0.001329282187618686,0,0.33500749600213225,0.427718690031983,0.20684058502132197
Edgewater Beach,6.0,1448.1666666666667,6.0,6.0,1.0,1.0,0.0,0.17528379535650845,371.0,96.0,0.028536266441043,0.007384047380970695,0.5192307692307693,13001.0,0.0004615029613106684,31528.0,0.001139384732244588,0,0.1940430981984268,0.10172059756407002,0.5257456800304493
Canaryville,6.0,1191.6666666666667,0.0,0.0,0.0,0.0,0.0,0.13930393964794635,29.0,7.0,0.024308466051969825,0.00586756077116513,0.39903846153846156,1193.0,0.005029337803855826,7158.0,0.001139384732244588,0,0.03422806649902207,0.3066441603799944,0.5537829701033808
Calumet River,5.0,1210.0,0.0,0.0,0.0,0.0,0.0,0.228,11.0,1.0,0.03374233128834356,0.003067484662576687,0.21153846153846154,326.0,0.015337423312883436,2151.0,0.0009494872768704899,0,0.050199999999999995,0.8689,0.0739
Pill Hill,5.0,1157.0,0.0,0.0,0.0,0.0,0.0,0.044360343539955195,13.0,4.0,0.0593607305936073,0.0182648401826484,0.8052884615384616,219.0,0.0228310502283105,2678.0,0.0009494872768704899,0,0.9506952203136669,0.01009058999253174,0.020169678864824493
Jackson Park Highlands,5.0,798.6,0.0,0.0,0.0,0.0,0.0,0.0,32.0,19.0,0.08290155440414508,0.04922279792746114,0.9903846153846154,386.0,0.012953367875647668,1167.0,0.0009494872768704899,0,0.8945928877463583,0.0,0.049714310197086546
Clearing (W),5.0,1570.0,0.0,0.0,0.0,0.0,0.0,0.10652572742777404,50.0,16.0,0.023730422401518746,0.007593735168485999,0.5336538461538461,2107.0,0.0023730422401518746,19349.0,0.0009494872768704899,0,0.0037676003927851567,0.44797610729236653,0.5204940823815185
South Loop,4.0,2135.25,3.0,4.0,0.75,1.0,0.0,0.07866102937709248,314.0,124.0,0.02474584285601702,0.009772243675624556,0.6153846153846154,12689.0,0.00031523366695563086,42414.0,0.0007595898214963919,0,0.23154014712123364,0.06252551044466449,0.45735587070306977
Winneconna Parkway,4.0,962.5,0.0,0.0,0.0,0.0,0.0,0.2451,19.0,8.0,0.0945273631840796,0.03980099502487562,0.9663461538461539,201.0,0.01990049751243781,993.0,0.0007595898214963919,0,0.9074,0.0,0.08259999999999999
Scottsdale,4.0,1237.5,0.0,0.0,0.0,0.0,0.0,0.13685571890441042,29.0,6.0,0.04692556634304207,0.009708737864077669,0.6057692307692307,618.0,0.006472491909385114,16393.0,0.0007595898214963919,0,0.13774176782773134,0.6152075825047275,0.23161184041969135
Lake View East,3.0,1199.3333333333333,0.0,1.0,0.0,0.3333333333333333,0.0,0.050355071578007095,166.0,60.0,0.008771929824561403,0.0031705770450221942,0.22596153846153846,18924.0,0.0001585288522511097,42541.0,0.000569692366122294,0,0.038100966126795324,0.06939389765167721,0.7743598058343718
Uptown,3.0,1570.3333333333333,3.0,3.0,1.0,1.0,0.0,0.26000107590931093,269.0,59.0,0.025137837585272403,0.005513503410896178,0.36538461538461536,10701.0,0.0002803476310625175,26861.0,0.000569692366122294,0,0.2840187707084621,0.11187183649156766,0.45203913852797734
Ford City,3.0,1416.6666666666667,0.0,0.0,0.0,0.0,0.0,0.061200000000000004,21.0,11.0,0.09722222222222222,0.05092592592592592,1.0,216.0,0.013888888888888888,1680.0,0.000569692366122294,0,0.19879999999999998,0.5155,0.2571
McKinley Park,2.0,950.0,1.0,2.0,0.5,1.0,0.0,0.22178673661555015,60.0,17.0,0.023696682464454975,0.006714060031595577,0.4375,2532.0,0.0007898894154818325,14868.0,0.00037979491074819596,0,0.025416249663707296,0.5934770648372343,0.17124186171643802
Jefferson Park,2.0,1437.5,1.0,1.0,0.5,0.5,0.0,0.09176718076976519,116.0,37.0,0.017890191239975324,0.005706354102405923,0.38461538461538464,6484.0,0.00030845157310302283,43182.0,0.00037979491074819596,0,0.012363637626788939,0.241113762678894,0.6430129289981938
Kelvin Park,2.0,1450.0,0.0,0.0,0.0,0.0,0.0,0.2132103166056429,24.0,10.0,0.02502606882168926,0.010427528675703858,0.6298076923076923,959.0,0.0020855057351407717,4643.0,0.00037979491074819596,0,0.01962866681025199,0.854202627611458,0.08934484169717853
Roscoe Village,2.0,1925.0,0.0,0.0,0.0,0.0,0.0,0.03105033534540577,33.0,5.0,0.010617760617760617,0.0016087516087516086,0.11057692307692307,3108.0,0.0006435006435006435,11928.0,0.00037979491074819596,0,0.019116037894030852,0.10672741448692154,0.8051502598926895
Ida B. Wells - Darrow Homes,2.0,1082.0,0.0,0.0,0.0,0.0,0.0,0.5307275795564127,116.0,40.0,0.06025974025974026,0.02077922077922078,0.8509615384615384,1925.0,0.001038961038961039,4148.0,0.00037979491074819596,0,0.9640780617164899,0.0,0.01880964320154291
Ravenswood,2.0,1850.0,1.0,2.0,0.5,1.0,0.0,0.049624229859974535,54.0,24.0,0.006109288381038579,0.0027152392804615905,0.18269230769230768,8839.0,0.00022626994003846588,27495.0,0.00037979491074819596,0,0.037512122204037095,0.17318795781051102,0.6749657974177123
Vittum Park,2.0,872.5,0.0,0.0,0.0,0.0,0.0,0.12523177518085699,14.0,1.0,0.0457516339869281,0.0032679738562091504,0.24519230769230768,306.0,0.006535947712418301,3594.0,0.00037979491074819596,0,0.025587145242070116,0.6533259321090706,0.27933316638842515
Cottage Grove Heights,2.0,1437.5,0.0,0.0,0.0,0.0,0.0,0.17403578947368417,5.0,1.0,0.033783783783783786,0.006756756756756757,0.4423076923076923,148.0,0.013513513513513514,1710.0,0.00037979491074819596,0,0.9602343859649123,0.009946140350877193,0.01578842105263158
East Hyde Park,2.0,900.0,0.0,0.0,0.0,0.0,0.0,0.10939324482054273,74.0,26.0,0.02565880721220527,0.009015256588072122,0.5913461538461539,2884.0,0.0006934812760055479,6854.0,0.00037979491074819596,0,0.3799256492559088,0.09715876860227604,0.4118670411438576
West Lawn,2.0,1077.5,0.0,0.0,0.0,0.0,0.0,0.12757424182414848,74.0,16.0,0.027550260610573342,0.005956813104988831,0.40865384615384615,2686.0,0.0007446016381236039,35348.0,0.00037979491074819596,0,0.02263267511598959,0.8175689232771305,0.15178145863980988
Douglas Park,2.0,1700.0,0.0,1.0,0.0,0.5,0.0,0.29068384840965483,24.0,5.0,0.02528977871443625,0.005268703898840885,0.3557692307692308,949.0,0.002107481559536354,4433.0,0.00037979491074819596,0,0.23144216106474175,0.6679666365892173,0.09407676517031356
East Beverly,2.0,1150.0,0.0,0.0,0.0,0.0,0.0,0.06058182908545727,27.0,3.0,0.03609625668449198,0.004010695187165776,0.28365384615384615,748.0,0.00267379679144385,3335.0,0.00037979491074819596,0,0.5115321739130435,0.06088185907046477,0.37543625187406304
Ashburn,2.0,1525.0,0.0,0.0,0.0,0.0,0.0,0.07639616384458651,42.0,6.0,0.05898876404494382,0.008426966292134831,0.5721153846153846,712.0,0.0028089887640449437,14233.0,0.00037979491074819596,0,0.575695903885337,0.32957880980819226,0.07735667814234526
Old Town,1.0,979.0,0.0,1.0,0.0,1.0,0.0,0.21071552213868006,84.0,25.0,0.023249377248823692,0.006919457514530861,0.47596153846153844,3613.0,0.0002767783005812344,11970.0,0.00018989745537409798,0,0.2534001253132832,0.026803450292397658,0.6365310693400167
Old Irving Park,1.0,1250.0,0.0,1.0,0.0,1.0,0.0,0.10113415050426686,40.0,16.0,0.014010507880910683,0.005604203152364273,0.375,2855.0,0.0003502626970227671,12890.0,0.00018989745537409798,0,0.04026369278510473,0.3409514662529093,0.5271665399534523
O'Hare,1.0,2000.0,0.0,0.0,0.0,0.0,0.0,0.12075602097224598,56.0,24.0,0.014278429372768995,0.006119326874043855,0.4230769230769231,3922.0,0.00025497195308516065,17547.0,0.00018989745537409798,0,0.005708189434091298,0.08138928021884083,0.7768854106115005
North Park,1.0,1195.0,0.0,0.0,0.0,0.0,0.0,0.12782282269798378,16.0,3.0,0.018475750577367205,0.003464203233256351,0.25961538461538464,866.0,0.0011547344110854503,4811.0,0.00018989745537409798,0,0.014563167740594471,0.33965838702972356,0.39825136146331325
Princeton Park,1.0,1150.0,0.0,1.0,0.0,1.0,0.0,0.061599999999999995,3.0,1.0,0.024793388429752067,0.008264462809917356,0.5673076923076923,121.0,0.008264462809917356,641.0,0.00018989745537409798,0,1.0,0.0,0.0
Dearborn Park,1.0,2000.0,1.0,1.0,1.0,1.0,0.0,0.08109999999999999,3.0,1.0,0.009174311926605505,0.0030581039755351682,0.20673076923076922,327.0,0.0030581039755351682,1186.0,0.00018989745537409798,0,0.1341,0.0472,0.5497
Fuller Park,1.0,900.0,0.0,1.0,0.0,1.0,0.0,0.2913,4.0,2.0,0.027972027972027972,0.013986013986013986,0.7115384615384616,143.0,0.006993006993006993,500.0,0.00018989745537409798,0,0.988,0.012,0.0
Bucktown,1.0,2000.0,0.0,0.0,0.0,0.0,0.0,0.015657085842319004,23.0,5.0,0.00571712652249565,0.0012428535918468805,0.09615384615384616,4023.0,0.00024857071836937607,14282.0,0.00018989745537409798,0,0.02332180366895393,0.14858838397983473,0.7377710054614199
Buena Park,1.0,1185.0,0.0,1.0,0.0,1.0,0.0,0.030964920828258222,63.0,15.0,0.013215859030837005,0.0031466331025802393,0.22115384615384615,4767.0,0.00020977554017201594,11494.0,0.00018989745537409798,0,0.09604766834870367,0.11064795545502,0.7110644075169653
Stateway Gardens,1.0,1900.0,1.0,1.0,1.0,1.0,0.0,0.1512,5.0,3.0,0.03597122302158273,0.02158273381294964,0.8653846153846154,139.0,0.007194244604316547,447.0,0.00018989745537409798,0,0.47869999999999996,0.022400000000000003,0.1991
The Loop,1.0,1800.0,1.0,1.0,1.0,1.0,0.0,0.058731737575713344,85.0,23.0,0.018350604490500865,0.004965457685664939,0.34615384615384615,4632.0,0.0002158894645941278,13703.0,0.00018989745537409798,0,0.08011146464277895,0.07165956359921186,0.6385463621104868
Bowmanville,1.0,1250.0,0.0,0.0,0.0,0.0,0.0,0.0937059826946848,9.0,2.0,0.00966702470461869,0.0021482277121374865,0.14903846153846154,931.0,0.0010741138560687433,4045.0,0.00018989745537409798,0,0.06500190358467244,0.21480148331273177,0.6699469468479605
University Village - Little Italy,1.0,1088.0,0.0,0.0,0.0,0.0,0.0,0.15544586619348053,99.0,35.0,0.020659432387312188,0.007303839732888147,0.5144230769230769,4792.0,0.00020868113522537563,15216.0,0.00018989745537409798,0,0.34299029968454253,0.0840611001577287,0.3548162986330179
West Chesterfield,1.0,1600.0,1.0,1.0,1.0,1.0,0.0,0.13233202536662703,24.0,6.0,0.05429864253393665,0.013574660633484163,0.7019230769230769,442.0,0.0022624434389140274,5046.0,0.00018989745537409798,0,0.9526466904478794,0.012279785969084425,0.01012705112960761
West Elsdon,1.0,750.0,0.0,0.0,0.0,0.0,0.0,0.1650671269278866,46.0,13.0,0.03178991015894955,0.008984105044920525,0.5865384615384616,1447.0,0.000691085003455425,19192.0,0.00018989745537409798,0,0.013653293038766152,0.8016313568153396,0.16855557523968318
Beverly,1.0,2000.0,0.0,0.0,0.0,0.0,0.0,0.015522234966409964,28.0,10.0,0.047377326565143825,0.01692047377326565,0.7740384615384616,591.0,0.001692047377326565,12206.0,0.00018989745537409798,0,0.37595798787481566,0.07931387022775685,0.5239992626577092
Belmont Terrace,1.0,1200.0,0.0,0.0,0.0,0.0,0.0,0.1046280693459417,9.0,4.0,0.017928286852589643,0.00796812749003984,0.5480769230769231,502.0,0.00199203187250996,6345.0,0.00018989745537409798,0,0.02897610717100079,0.16612975571315997,0.7642500709219858
Belmont Heights,1.0,1950.0,0.0,0.0,0.0,0.0,0.0,0.08741561057156504,30.0,10.0,0.021739130434782608,0.007246376811594203,0.5,1380.0,0.0007246376811594203,12562.0,0.00018989745537409798,0,0.011465618532080878,0.19384510428275756,0.747173292469352
West Morgan Park,1.0,1300.0,0.0,0.0,0.0,0.0,0.0,0.027319890153001177,11.0,4.0,0.0502283105022831,0.0182648401826484,0.8052884615384616,219.0,0.0045662100456621,2549.0,0.00018989745537409798,0,0.07690921930168694,0.07100533542565712,0.852085445272656
Avondale,1.0,1325.0,0.0,1.0,0.0,1.0,0.0,0.12870862119870094,71.0,20.0,0.015714918105356353,0.004426737494466578,0.3125,4518.0,0.0002213368747233289,20322.0,0.00018989745537409798,0,0.020662533215234723,0.5188454138372208,0.39400253912016536
West Town,1.0,1700.0,0.0,0.0,0.0,0.0,0.0,0.12326299221235056,135.0,44.0,0.0170261066969353,0.005549249590112246,0.3701923076923077,7929.0,0.0001261193088661874,27351.0,0.00018989745537409798,0,0.1496821542173961,0.22876862271946186,0.5538494789952836
Montclare,1.0,2090.0,0.0,0.0,0.0,0.0,0.0,0.13588763458401307,60.0,18.0,0.02643171806167401,0.007929515418502203,0.5432692307692307,2270.0,0.0004405286343612335,15325.0,0.00018989745537409798,0,0.0423539510603589,0.5952351973898857,0.3029663686786297
Palmer Square,1.0,1450.0,1.0,1.0,1.0,1.0,0.0,0.11388161584973626,32.0,8.0,0.012950222581950627,0.003237555645487657,0.23557692307692307,2471.0,0.0004046944556859571,7773.0,0.00018989745537409798,0,0.042442763411810115,0.4448875595008362,0.4685384021613277
Irving Park,1.0,2200.0,0.0,0.0,0.0,0.0,0.0,0.06563627425944842,52.0,15.0,0.015781487101669194,0.004552352048558422,0.32211538461538464,3295.0,0.00030349013657056146,15664.0,0.00018989745537409798,0,0.02196369382022472,0.4202652196118489,0.43775635214504593
Dunning,1.0,1800.0,0.0,0.0,0.0,0.0,0.0,0.13932569158328428,12.0,3.0,0.015444015444015444,0.003861003861003861,0.2692307692307692,777.0,0.001287001287001287,6796.0,0.00018989745537409798,0,0.014994952913478516,0.2519085491465568,0.6792402295467923
East Ukrainian Village,1.0,1575.0,1.0,1.0,1.0,1.0,0.0,0.006629835111542192,12.0,7.0,0.006864988558352402,0.004004576659038902,0.27884615384615385,1748.0,0.0005720823798627002,5155.0,0.00018989745537409798,0,0.032404830261881665,0.2056008341416101,0.7113521241513094
Garfield Ridge,1.0,1250.0,0.0,0.0,0.0,0.0,0.0,0.031376398734867486,42.0,7.0,0.02275189599133261,0.003791982665222102,0.2644230769230769,1846.0,0.0005417118093174431,27507.0,0.00018989745537409798,0,0.005126309666630313,0.4385022030755808,0.546382102737485
Heart of Chicago,1.0,600.0,0.0,1.0,0.0,1.0,0.0,0.23546251374381527,43.0,16.0,0.0114758473445423,0.004270082732852949,0.2980769230769231,3747.0,0.0002668801708033093,14552.0,0.00018989745537409798,0,0.02156875343595382,0.8737519722374932,0.09696213578889501
Kilbourn Park,1.0,1250.0,0.0,0.0,0.0,0.0,0.0,0.09864640494044993,44.0,18.0,0.028132992327365727,0.011508951406649617,0.6586538461538461,1564.0,0.0006393861892583121,6801.0,0.00018989745537409798,0,0.014409042787825321,0.6141734744890456,0.27744455227172476
Lake Calumet,1.0,1500.0,0.0,0.0,0.0,0.0,0.0,0.5014116554508747,127.0,41.0,0.056045895851721095,0.018093556928508385,0.7884615384615384,2266.0,0.000441306266548985,7430.0,0.00018989745537409798,0,0.8502036069986542,0.1154848586810229,0.025443485868102286
Edgewater,1.0,1550.0,0.0,0.0,0.0,0.0,0.0,0.15515609615384615,43.0,14.0,0.013362336855189559,0.00435052827843381,0.30288461538461536,3218.0,0.00031075201988812925,10400.0,0.00018989745537409798,0,0.08078511538461539,0.300202,0.5459624423076923
Golden Gate,1.0,1350.0,0.0,0.0,0.0,0.0,0.0,0.8142,4.0,2.0,0.02962962962962963,0.014814814814814815,0.7211538461538461,135.0,0.007407407407407408,607.0,0.00018989745537409798,0,1.0,0.0,0.0
Goose Island,1.0,1300.0,0.0,1.0,0.0,1.0,0.0,0.19326076512455515,40.0,12.0,0.024737167594310452,0.0074211502782931356,0.5240384615384616,1617.0,0.0006184291898577613,4496.0,0.00018989745537409798,0,0.188602268683274,0.15500578291814948,0.534011743772242
Mayfair,0.0,,0.0,0.0,,,0.0,0.08904323083344928,17.0,4.0,0.013787510137875101,0.0032441200324412004,0.2403846153846154,1233.0,0.0,7187.0,0.0,0,0.026039654932517045,0.34717386948657303,0.39501650201753163
Edgebrook,0.0,,0.0,0.0,,,0.0,0.018744375857338822,4.0,0.0,0.012987012987012988,0.0,0.036057692307692304,308.0,0.0,5832.0,0.0,0,0.018524142661179698,0.08863328189300412,0.7169146604938271
The Villa,0.0,,0.0,0.0,,,0.0,0.038099999999999995,5.0,0.0,0.021929824561403508,0.0,0.036057692307692304,228.0,0.0,867.0,0.0,0,0.0,0.16720000000000002,0.6505
Streeterville,0.0,,0.0,0.0,,,0.0,0.023706778315439284,187.0,69.0,0.019698725376593278,0.0072685136416306756,0.5048076923076923,9493.0,0.0,26452.0,0.0,0,0.05865845682746107,0.060147606986239235,0.6928740397701496
Tri-Taylor,0.0,,0.0,0.0,,,0.0,0.17066430045398268,58.0,23.0,0.029263370332996974,0.01160443995963673,0.6682692307692307,1982.0,0.0,7269.0,0.0,0,0.4867194249552896,0.2159903150364562,0.19440335672031916
Ukrainian Village,0.0,,0.0,0.0,,,0.0,0.05945149476831091,22.0,7.0,0.007475365273530411,0.002378525314305131,0.15865384615384615,2943.0,0.0,8028.0,0.0,0,0.023026420029895363,0.14272766567015446,0.7635828724464376
Union Ridge,0.0,,0.0,0.0,,,0.0,0.050794282926829276,9.0,5.0,0.023316062176165803,0.012953367875647668,0.6923076923076923,386.0,0.0,5125.0,0.0,0,0.004282126829268293,0.17228019512195122,0.7496824585365854
The Gap,0.0,,0.0,0.0,,,0.0,0.035399999999999994,1.0,1.0,0.014705882352941176,0.014705882352941176,0.7163461538461539,68.0,0.0,907.0,0.0,0,0.6912999999999999,0.032,0.183
Brynford Park,0.0,,0.0,0.0,,,0.0,0.0464,2.0,0.0,0.015625,0.0,0.036057692307692304,128.0,0.0,1620.0,0.0,0,0.014199999999999999,0.158,0.6437999999999999
Bridgeport,0.0,,0.0,0.0,,,0.0,0.1895186561245229,132.0,37.0,0.013893274392169246,0.0038943269129565307,0.27403846153846156,9501.0,0.0,40346.0,0.0,0,0.02833785009666386,0.2707330491250681,0.29673902493431825
Illinois Medical District,0.0,,0.0,0.0,,,0.0,0.21252548456568557,7.0,1.0,0.013944223107569721,0.00199203187250996,0.13942307692307693,502.0,0.0,1393.0,0.0,0,0.2411975592246949,0.2505223259152907,0.2606011486001436
Edgewater Glen,0.0,,0.0,0.0,,,0.0,0.0,1.0,0.0,0.00847457627118644,0.0,0.036057692307692304,118.0,0.0,886.0,0.0,0,0.0124,0.17379999999999998,0.7313999999999999
South Old Irving Park,0.0,,0.0,0.0,,,0.0,0.16670000000000001,1.0,0.0,0.007042253521126761,0.0,0.036057692307692304,142.0,0.0,681.0,0.0,0,0.0382,0.6197,0.3421
South East Ravenswood,0.0,,0.0,0.0,,,0.0,0.13546512027491409,10.0,1.0,0.010893246187363835,0.0010893246187363835,0.08173076923076923,918.0,0.0,2910.0,0.0,0,0.04912996563573883,0.15775676975945016,0.691731821305842
Irving Woods,0.0,,0.0,0.0,,,0.0,0.07342782657976764,4.0,2.0,0.017467248908296942,0.008733624454148471,0.5769230769230769,229.0,0.0,3529.0,0.0,0,0.03827276848965713,0.21395281949560785,0.7137798526494759
South Commons,0.0,,0.0,0.0,,,0.0,0.10458352649006622,50.0,21.0,0.10504201680672269,0.04411764705882353,0.9807692307692307,476.0,0.0,1208.0,0.0,0,0.8137487582781456,0.006621854304635762,0.0836125
Budlong Woods,0.0,,0.0,0.0,,,0.0,0.18850363305214726,33.0,9.0,0.012136815005516733,0.0033100404560500183,0.25,2719.0,0.0,10432.0,0.0,0,0.025120878067484666,0.16786577837423314,0.5588412384969325
Hollywood Park,0.0,,0.0,0.0,,,0.0,0.10577855801727375,13.0,5.0,0.013555787278415016,0.005213764337851929,0.35096153846153844,959.0,0.0,5326.0,0.0,0,0.031734547502816374,0.2050312805107022,0.415305520090124
Big Oaks,0.0,,0.0,0.0,,,0.0,0.08364312865497076,5.0,0.0,0.03048780487804878,0.0,0.036057692307692304,164.0,0.0,4788.0,0.0,0,0.002096261487050961,0.13323932748538012,0.7516707602339181
Edison Park,0.0,,0.0,0.0,,,0.0,0.007932296320363904,8.0,2.0,0.006379585326953748,0.001594896331738437,0.10576923076923077,1254.0,0.0,12311.0,0.0,0,0.00975334253919259,0.08725452034765659,0.8829380310291609
Heart of Italy,0.0,,0.0,0.0,,,0.0,0.3141,5.0,1.0,0.02040816326530612,0.004081632653061225,0.28846153846153844,245.0,0.0,921.0,0.0,0,0.0217,0.7666,0.21059999999999998
Wrightwood Neighbors,0.0,,0.0,0.0,,,0.0,0.016295640408899578,20.0,8.0,0.007262164124909223,0.002904865649963689,0.19230769230769232,2754.0,0.0,9978.0,0.0,0,0.037066486269793544,0.056437642814191225,0.8255140809781519
Andersonville,0.0,,0.0,0.0,,,0.0,0.03897966739259553,5.0,2.0,0.003259452411994785,0.001303780964797914,0.10096153846153846,1534.0,0.0,5051.0,0.0,0,0.0791905167293605,0.13261387843991287,0.6196802811324491
Arcadia Terrace,0.0,,0.0,0.0,,,0.0,0.18664810924369746,14.0,10.0,0.011513157894736841,0.008223684210526315,0.5625,1216.0,0.0,4760.0,0.0,0,0.028569117647058818,0.3023213235294117,0.4149103991596639
Wildwood,0.0,,0.0,0.0,,,0.0,0.024906315789473686,9.0,2.0,0.08181818181818182,0.01818181818181818,0.7956730769230769,110.0,0.0,3800.0,0.0,0,0.0002525526315789474,0.033944473684210524,0.8792148157894737
Wicker Park,0.0,,0.0,0.0,,,0.0,0.10578786867379605,23.0,5.0,0.005229649840836744,0.001136880400181901,0.08653846153846154,4398.0,0.0,14681.0,0.0,0,0.07172662625161773,0.13894244942442613,0.6952477896601049
Gladstone Park,0.0,,0.0,0.0,,,0.0,0.08123875502008032,5.0,3.0,0.012048192771084338,0.007228915662650603,0.4951923076923077,415.0,0.0,1992.0,0.0,0,0.013084939759036143,0.2901275100401607,0.5205906626506024
Gold Coast,0.0,,0.0,0.0,,,0.0,0.013734587370954461,29.0,11.0,0.005974454058508447,0.002266172229089411,0.15384615384615385,4854.0,0.0,15789.0,0.0,0,0.027030495914877446,0.05047158148077776,0.8395770853125593
Graceland West,0.0,,0.0,0.0,,,0.0,0.06544107313957202,9.0,2.0,0.011673151750972763,0.0025940337224383916,0.17307692307692307,771.0,0.0,3131.0,0.0,0,0.11047563078888534,0.07058671351006067,0.7770916320664325
West Loop Gate,0.0,,0.0,0.0,,,0.0,0.055000711123037706,26.0,12.0,0.009618941916389198,0.004439511653718091,0.3173076923076923,2703.0,0.0,7453.0,0.0,0,0.06402537233328862,0.06736927411780491,0.4964544344559238
Forest Glen,0.0,,0.0,0.0,,,0.0,0.0,0.0,0.0,0.0,0.0,0.036057692307692304,31.0,0.0,965.0,0.0,0,0.0,0.114,0.6631999999999999
Greektown,0.0,,0.0,0.0,,,0.0,0.0351,13.0,3.0,0.029545454545454545,0.006818181818181818,0.46634615384615385,440.0,0.0,1224.0,0.0,0,0.0335,0.1675,0.6977
Groveland Park,0.0,,0.0,0.0,,,0.0,0.3076999999999999,7.0,3.0,0.03723404255319149,0.015957446808510637,0.7548076923076923,188.0,0.0,895.0,0.0,0,0.9228999999999999,0.0,0.0592
Hanson Park,0.0,,0.0,0.0,,,0.0,0.23133415485726022,19.0,9.0,0.024327784891165175,0.011523687580025609,0.6634615384615384,781.0,0.0,4869.0,0.0,0,0.014778558225508318,0.9238307249948655,0.058535304990757854
Harbour Point Estates,0.0,,0.0,0.0,,,0.0,0.1705,6.0,2.0,0.08695652173913043,0.028985507246376812,0.9375,69.0,0.0,1044.0,0.0,0,0.1398,0.5172,0.3429
West De Paul,0.0,,0.0,0.0,,,0.0,0.007921006836544437,11.0,3.0,0.021153846153846155,0.0057692307692307696,0.3894230769230769,520.0,0.0,3218.0,0.0,0,0.013034338098197637,0.10375845245494093,0.8579903977625855
Beverly Woods,0.0,,0.0,0.0,,,0.0,0.06728582677165354,3.0,2.0,0.058823529411764705,0.0392156862745098,0.9615384615384616,51.0,0.0,1905.0,0.0,0,0.5942194225721785,0.008392913385826772,0.39056535433070866
West Beverly,0.0,,0.0,0.0,,,0.0,0.01249502775766353,5.0,2.0,0.034722222222222224,0.013888888888888888,0.7067307692307693,144.0,0.0,4143.0,0.0,0,0.02439181752353367,0.051916799420709626,0.9005488534878108
Wentworth Gardens,0.0,,0.0,0.0,,,0.0,0.6263000000000001,12.0,6.0,0.030226700251889168,0.015113350125944584,0.7307692307692307,397.0,0.0,917.0,0.0,0,0.9706,0.0022,0.0
Sleepy Hollow,0.0,,0.0,0.0,,,0.0,0.12927752508361204,7.0,1.0,0.045454545454545456,0.006493506493506494,0.4326923076923077,154.0,0.0,2990.0,0.0,0,0.039808896321070236,0.6437689632107023,0.23380033444816054
Kennedy Park,0.0,,0.0,0.0,,,0.0,0.007080440771349862,9.0,5.0,0.037815126050420166,0.02100840336134454,0.8557692307692307,238.0,0.0,2904.0,0.0,0,0.17460399449035813,0.06851005509641873,0.737621212121212
Sheffield Neighbors,0.0,,0.0,0.0,,,0.0,0.0607544212564544,16.0,6.0,0.00857449088960343,0.003215434083601286,0.23076923076923078,1866.0,0.0,9296.0,0.0,0,0.05228608003442341,0.07476813683304648,0.8043299268502582
Sheridan Park,0.0,,0.0,0.0,,,0.0,0.17151064998474214,37.0,17.0,0.02589223233030091,0.011896431070678797,0.6730769230769231,1429.0,0.0,3277.0,0.0,0,0.3084991455599634,0.10526487641135183,0.5090397009459872
Little Calumet River,0.0,,0.0,0.0,,,0.0,0.35493491055972304,20.0,5.0,0.06535947712418301,0.016339869281045753,0.7596153846153846,306.0,0.0,1733.0,0.0,0,0.11595158684362376,0.45237743796884017,0.4315805539526832
Oriole Park,0.0,,0.0,0.0,,,0.0,0.0,0.0,0.0,0.0,0.0,0.036057692307692304,71.0,0.0,2993.0,0.0,0,0.0,0.2208767123287671,0.7601187437353826
Old Town Triangle,0.0,,0.0,0.0,,,0.0,0.03567062107466853,16.0,4.0,0.008234688625836336,0.002058672156459084,0.14423076923076922,1943.0,0.0,5732.0,0.0,0,0.07676510816468946,0.03210497208653174,0.7564478541521285
Lincoln Park,0.0,,0.0,0.0,,,0.0,0.047889567125473764,39.0,8.0,0.008119925046845722,0.0016656256506350198,0.1201923076923077,4803.0,0.0,15039.0,0.0,0,0.07399914223020146,0.04799769931511404,0.7985257729902254
Old Norwood Park,0.0,,0.0,0.0,,,0.0,0.07141219512195121,6.0,4.0,0.011235955056179775,0.00749063670411985,0.5288461538461539,534.0,0.0,4223.0,0.0,0,0.005210040255742363,0.10728316362775278,0.8437124792801326
Lincoln Square,0.0,,0.0,0.0,,,0.0,0.03730081300813008,11.0,2.0,0.00980392156862745,0.0017825311942959,0.1346153846153846,1122.0,0.0,3690.0,0.0,0,0.01246829268292683,0.17345897018970188,0.7482418699186991
Clearing (E),0.0,,0.0,0.0,,,0.0,0.0,1.0,0.0,0.047619047619047616,0.0,0.036057692307692304,21.0,0.0,984.0,0.0,0,0.0,0.7805,0.2002
O'Hare International Airport,0.0,,0.0,0.0,,,0.0,0.14323341349044125,38.0,15.0,0.02386934673366834,0.009422110552763818,0.5961538461538461,1592.0,0.0,8317.0,0.0,0,0.019707382469640492,0.3358210893350968,0.5811211975471924
Norwood Park West,0.0,,0.0,0.0,,,0.0,0.015901302083333332,2.0,0.0,0.0025673940949935813,0.0,0.036057692307692304,779.0,0.0,6912.0,0.0,0,0.012158289930555555,0.07654036458333334,0.8258043981481481
Norwood Park East,0.0,,0.0,0.0,,,0.0,0.07760838422181877,32.0,9.0,0.02006269592476489,0.005642633228840125,0.3798076923076923,1595.0,0.0,12118.0,0.0,0,0.024674005611487044,0.1111467816471365,0.8029326043901633
North Mayfair,0.0,,0.0,0.0,,,0.0,0.07635789042218882,9.0,4.0,0.009911894273127754,0.004405286343612335,0.3076923076923077,908.0,0.0,7319.0,0.0,0,0.0014981008334471924,0.2723069135127749,0.41452373275037574
Eden Green,0.0,,0.0,0.0,,,0.0,0.4672,33.0,16.0,0.09969788519637462,0.04833836858006042,0.9855769230769231,331.0,0.0,533.0,0.0,0,1.0,0.0,0.0
East Pilsen,0.0,,0.0,0.0,,,0.0,0.2511125268432356,11.0,2.0,0.015492957746478873,0.0028169014084507044,0.1875,710.0,0.0,2794.0,0.0,0,0.03649019327129563,0.6621469577666428,0.22908299928418038
North Center,0.0,,0.0,0.0,,,0.0,0.030116821123479163,23.0,3.0,0.004617546677374022,0.0006022886970487854,0.07211538461538461,4981.0,0.0,19315.0,0.0,0,0.019046839244110794,0.1577494537923893,0.7432620295107429
Altgeld Gardens,0.0,,0.0,0.0,,,0.0,0.6277366883116884,52.0,33.0,0.06435643564356436,0.04084158415841584,0.9759615384615384,808.0,0.0,3080.0,0.0,0,0.9230813311688313,0.06039756493506493,0.0
Noble Square,0.0,,0.0,0.0,,,0.0,0.12190801543077583,33.0,6.0,0.009620991253644314,0.001749271137026239,0.12980769230769232,3430.0,0.0,9332.0,0.0,0,0.08356849549935706,0.3027114123446207,0.549826414487784
New Eastside,0.0,,0.0,0.0,,,0.0,0.0,66.0,29.0,0.025413939160569887,0.011166730843280709,0.6442307692307693,2597.0,0.0,6493.0,0.0,0,0.06191216694902201,0.09429468658555368,0.6656062220853226
Magnolia Glen,0.0,,0.0,0.0,,,0.0,0.1697855591054313,12.0,5.0,0.008253094910591471,0.0034387895460797797,0.2548076923076923,1454.0,0.0,4695.0,0.0,0,0.07069635782747603,0.29583904153354634,0.5341618530351439
Near North,0.0,,0.0,0.0,,,0.0,0.08486601455326254,127.0,38.0,0.015310427968655817,0.004581072935503315,0.3269230769230769,8295.0,0.0,16766.0,0.0,0,0.08541806036025289,0.05113044256232853,0.7174548729571751
Mount Greenwood,0.0,,0.0,0.0,,,0.0,0.03959397480649567,21.0,8.0,0.01873327386262266,0.007136485280999108,0.4855769230769231,1121.0,0.0,19767.0,0.0,0,0.0404239692416654,0.06717768503060656,0.8607842312945818
Margate Park,0.0,,0.0,0.0,,,0.0,0.06977892685163953,25.0,9.0,0.0166333998669328,0.005988023952095809,0.41346153846153844,1503.0,0.0,4361.0,0.0,0,0.27286379270809447,0.13140082549873883,0.44118500343957806
LeClaire Courts,0.0,,0.0,0.0,,,0.0,0.17042699545749512,3.0,1.0,0.02459016393442623,0.00819672131147541,0.5576923076923077,122.0,0.0,1541.0,0.0,0,0.7203188838416612,0.1836612589227774,0.07785593770279041
Chrysler Village,0.0,,0.0,0.0,,,0.0,0.11584788540245566,5.0,1.0,0.056818181818181816,0.011363636363636364,0.6514423076923077,88.0,0.0,1466.0,0.0,0,0.0,0.42496111869031383,0.5750388813096863
Park West,0.0,,0.0,0.0,,,0.0,0.017860638644509614,45.0,16.0,0.008192244675040962,0.0029127981066812306,0.1971153846153846,5493.0,0.0,12276.0,0.0,0,0.034300252525252525,0.06199268491365265,0.8057120723362658
Parkview,0.0,,0.0,0.0,,,0.0,0.1517,1.0,0.0,0.025,0.0,0.036057692307692304,40.0,0.0,1213.0,0.0,0,0.6562,0.19949999999999998,0.14429999999999998
Schorsch Village,0.0,,0.0,0.0,,,0.0,0.04319689427312775,22.0,6.0,0.02517162471395881,0.006864988558352402,0.47115384615384615,874.0,0.0,9080.0,0.0,0,0.05483794052863436,0.29636570484581504,0.5867800330396475
Sauganash,0.0,,0.0,0.0,,,0.0,0.012165117378288954,5.0,1.0,0.015527950310559006,0.003105590062111801,0.21634615384615385,322.0,0.0,6347.0,0.0,0,0.010720923270836616,0.10385416732314479,0.7022164172049787
Lake Meadows,0.0,,0.0,0.0,,,0.0,0.08919763534536404,103.0,34.0,0.06978319783197832,0.023035230352303523,0.8798076923076923,1476.0,0.0,3214.0,0.0,0,0.6453052893590541,0.0,0.0420037336652147
Chicago Midway Airport,0.0,,0.0,0.0,,,0.0,,0.0,0.0,,,,0.0,,0.0,0.0,0,,,
River West,0.0,,0.0,0.0,,,0.0,0.012843225030084235,12.0,2.0,0.015665796344647518,0.0026109660574412533,0.1778846153846154,766.0,0.0,4155.0,0.0,0,0.06549694344163658,0.08666418772563177,0.7444001925391095
River North,0.0,,0.0,0.0,,,0.0,0.058243895661527434,64.0,19.0,0.015759665107116475,0.004678650578675204,0.34134615384615385,4061.0,0.0,11156.0,0.0,0,0.0612129078522768,0.05604351918250269,0.7385189225528862
Ravenswood Manor,0.0,,0.0,0.0,,,0.0,0.04519737827715355,19.0,4.0,0.021788990825688075,0.0045871559633027525,0.3317307692307692,872.0,0.0,4272.0,0.0,0,0.049426708801498125,0.2814006320224719,0.5428397237827716
Ravenswood Gardens,0.0,,0.0,0.0,,,0.0,0.00860959488272921,8.0,3.0,0.01805869074492099,0.006772009029345372,0.4567307692307692,443.0,0.0,1876.0,0.0,0,0.03677142857142858,0.09166652452025587,0.7243991471215352
Lake View,0.0,,0.0,0.0,,,0.0,0.037173783165316346,84.0,24.0,0.0057259713701431495,0.0016359918200408998,0.11538461538461539,14670.0,0.0,48507.0,0.0,0,0.031104836415362734,0.07914258354464304,0.8057654503473726
Ranch Triangle,0.0,,0.0,0.0,,,0.0,0.011240878828229026,4.0,1.0,0.0028188865398167725,0.0007047216349541931,0.07692307692307693,1419.0,0.0,6008.0,0.0,0,0.017469873501997336,0.05426842543275633,0.8570093708388815
Pullman,0.0,,0.0,0.0,,,0.0,0.17970126582278478,6.0,1.0,0.014492753623188406,0.0024154589371980675,0.16346153846153846,414.0,0.0,1422.0,0.0,0,0.30940654008438817,0.36357742616033756,0.29181132208157523
Pulaski Park,0.0,,0.0,0.0,,,0.0,0.06776589282259625,3.0,0.0,0.0035211267605633804,0.0,0.036057692307692304,852.0,0.0,5169.0,0.0,0,0.022054401238150514,0.08821274908106017,0.6490463919520216
Printers Row,0.0,,0.0,0.0,,,0.0,0.0,4.0,0.0,0.015625,0.0,0.036057692307692304,256.0,0.0,1347.0,0.0,0,0.0535,0.0104,0.7149
Lakewood - Balmoral,0.0,,0.0,0.0,,,0.0,0.0,2.0,1.0,0.0033500837520938024,0.0016750418760469012,0.125,597.0,0.0,2313.0,0.0,0,0.0657112840466926,0.16258599221789882,0.5931544747081712
Prairie Shores,0.0,,0.0,0.0,,,0.0,0.07654080370942813,31.0,9.0,0.020261437908496733,0.0058823529411764705,0.40384615384615385,1530.0,0.0,1941.0,0.0,0,0.5110829984544049,0.03189567233384854,0.06285270479134467
Chinatown,0.0,,0.0,0.0,,,0.0,0.4434347685101784,11.0,0.0,0.007607192254495159,0.0,0.036057692307692304,1446.0,0.0,5551.0,0.0,0,0.0473982165375608,0.012606935687263558,0.03839376688884886
Pilsen,0.0,,0.0,0.0,,,0.0,0.2516476009579651,42.0,11.0,0.009364548494983277,0.002452619843924192,0.16826923076923078,4485.0,0.0,12109.0,0.0,0,0.04625526467916426,0.735655545462053,0.1688014452060451
Lathrop Homes,0.0,,0.0,0.0,,,0.0,0.09521172707889126,9.0,1.0,0.01079136690647482,0.001199040767386091,0.09134615384615384,834.0,0.0,4221.0,0.0,0,0.05660341151385927,0.15378486140724948,0.6901089552238806
Peterson Park,0.0,,0.0,0.0,,,0.0,0.09392960244648318,11.0,3.0,0.041666666666666664,0.011363636363636364,0.6514423076923077,264.0,0.0,1635.0,0.0,0,0.009781834862385319,0.12596366972477066,0.552271131498471
Wrigleyville,0.0,,0.0,0.0,,,0.0,0.04791360467001784,11.0,6.0,0.005478087649402391,0.00298804780876494,0.20192307692307693,2008.0,0.0,6167.0,0.0,0,0.01832067455813199,0.07718834117074752,0.8350836873682504
